{
  "feature_names": [
    "V1",
    "V2",
    "V3",
    "V4",
    "V5",
    "V6",
    "V7",
    "V8",
    "V9",
    "V10",
    "V11",
    "V12",
    "V13",
    "V14",
    "V15",
    "V16",
    "V17",
    "V18",
    "V19",
    "V20",
    "V21",
    "V22",
    "V23",
    "V24",
    "V25",
    "V26",
    "V27",
    "V28",
    "Amount_log",
    "Hour_sin",
    "Hour_cos",
    "Amount_to_median",
    "Is_micro",
    "Time_norm"
  ],
  "n_features": 34,
  "n_train": 227846,
  "n_test": 56961,
  "n_dev": 5001,
  "fraud_rate_train": 0.0017292381696408978,
  "fraud_rate_dev": 0.07878424315136973,
  "class_weight_fraud_full": 289.1446700507614,
  "class_weight_fraud_dev": 6.346446700507614,
  "class_weight_legit_full": 0.5008661168070626,
  "class_weight_legit_dev": 0.5427610158454526
}